{"model":{"version":2,"nodes":[{"name":"RootNode","position":[0,0,0],"rotation":[0,0,0],"scale":[1,1,1]},{"name":"tree_small_mesh","position":[0,0,0],"rotation":[0.00000762939,0,0],"scale":[0.01,0.01,0.01]}],"parents":[-1,0],"skins":[],"vertices":[{"position":{"type":"float32","components":3,"data":[-0.173801,0.137564,0.186444,0.18256,0.137564,0.186444,0.18256,2.92436,0.186444,-0.173801,2.92436,0.186444,-0.173801,2.92436,-0.189975,0.18256,2.92436,-0.189975,0.18256,0.137564,-0.189975,-0.173801,0.137564,-0.189975,0.18256,0.137564,0.186444,0.18256,0.137564,-0.189975,0.18256,2.92436,-0.189975,0.18256,2.92436,0.186444,-0.173801,0.137564,-0.189975,-0.173801,0.137564,0.186444,-0.173801,2.92436,0.186444,-0.173801,2.92436,-0.189975,-0.355587,-0.000506178,0.378461,0.364346,-0.000506178,0.378461,0.364346,0.245106,0.378461,-0.355587,0.245106,0.378461,-0.355587,0.245106,-0.38199,0.364346,0.245106,-0.38199,0.364346,-0.000506178,-0.38199,-0.355587,-0.000506178,-0.38199,0.364346,-0.000506178,0.378461,0.364346,-0.000506178,-0.38199,0.364346,0.245106,-0.38199,0.364346,0.245106,0.378461,-0.355587,-0.000506178,-0.38199,-0.355587,-0.000506178,0.378461,-0.355587,0.245106,0.378461,-0.355587,0.245106,-0.38199,0.364346,0.245106,0.378461,0.364346,0.245106,-0.38199,-0.355587,0.245106,-0.38199,-0.355587,0.245106,0.378461,-0.975693,4.45539,1.03061,0.975689,4.45539,1.03061,0.975689,4.45539,-1.03061,-0.975693,4.45539,-1.03061,0.975689,2.48608,-1.03061,0.975689,2.48608,1.03061,-0.975693,2.48608,1.03061,-0.975693,2.48608,-1.03061,-0.975693,2.48608,1.03061,0.975689,2.48608,1.03061,0.975689,4.45539,1.03061,-0.975693,4.45539,1.03061,0.975689,2.48608,1.03061,0.975689,2.48608,-1.03061,0.975689,4.45539,-1.03061,0.975689,4.45539,1.03061,0.975689,2.48608,-1.03061,-0.975693,2.48608,-1.03061,-0.975693,4.45539,-1.03061,0.975689,4.45539,-1.03061,-0.975693,2.48608,-1.03061,-0.975693,2.48608,1.03061,-0.975693,4.45539,1.03061,-0.975693,4.45539,-1.03061]},"normal":{"type":"float32","components":3,"data":[0,0,1,0,0,1,0,0,1,0,0,1,0,0,-1,0,0,-1,0,0,-1,0,0,-1,1,0,0,1,0,0,1,0,0,1,0,0,-1,0,0,-1,0,0,-1,0,0,-1,0,0,0,0,1,0,0,1,0,0,1,0,0,1,0,0,-1,0,0,-1,0,0,-1,0,0,-1,1,0,0,1,0,0,1,0,0,1,0,0,-1,0,0,-1,0,0,-1,0,0,-1,0,0,0,1,0,0,1,0,0,1,0,0,1,0,0,1,0,0,1,0,0,1,0,0,1,0,0,-1,0,0,-1,0,0,-1,0,0,-1,0,0,0,1,0,0,1,0,0,1,0,0,1,1,0,0,1,0,0,1,0,0,1,0,0,0,0,-1,0,0,-1,0,0,-1,0,0,-1,-1,0,0,-1,0,0,-1,0,0,-1,0,0]},"texCoord0":{"type":"float32","components":2,"data":[0.430123,0.217021,0.430123,0.210866,0.436704,0.210866,0.436703,0.217021,0.412744,0.179165,0.412744,0.17301,0.419324,0.17301,0.419324,0.179165,0.197845,0.194804,0.197845,0.188303,0.204426,0.188303,0.204426,0.194804,0.197743,0.182185,0.197743,0.175684,0.204323,0.175684,0.204323,0.182185,0.702657,0.188605,0.702657,0.182451,0.709237,0.182451,0.709237,0.188605,0.685277,0.150749,0.685277,0.144595,0.691857,0.144594,0.691857,0.150749,0.401923,0.113432,0.401923,0.10693,0.408503,0.10693,0.408503,0.113432,0.40182,0.100813,0.40182,0.0943118,0.4084,0.0943118,0.4084,0.100813,0.159107,0.0743814,0.238824,0.0743814,0.238824,0.14985,0.159107,0.14985,0.0562786,0.774253,0.174574,0.774253,0.174574,0.899207,0.0562786,0.899207,0.69805,0.408899,0.69805,0.614325,0.657214,0.614325,0.657214,0.408899,0.257646,0.478739,0.294679,0.478739,0.294679,0.519119,0.257646,0.519119,0.808104,0.807834,0.841574,0.807834,0.841574,0.842384,0.808104,0.842384,0.144975,0.609334,0.0809791,0.609334,0.0809791,0.539554,0.144975,0.539554,0.459608,0.424656,0.547903,0.424656,0.547903,0.515801,0.459608,0.515801]},"texCoord1":{"data":[0.06805022777443974,0.46237945775259104,0.12692715610577296,0.46237945775259104,0.12692715610577296,0.001953125,0.06805022777443974,0.001953125,0.12692715610577296,0.46628570775259104,0.06805022777443973,0.46628570775259104,0.06805022777443973,0.9267120405051821,0.12692715610577296,0.9267120405051821,0.0019531249999999965,0.9267120405051821,0.06414397777443974,0.9267120405051821,0.06414397777443974,0.46628570775259104,0.0019531249999999965,0.46628570775259104,0.001953125,0.46237945775259104,0.06414397777443974,0.46237945775259104,0.06414397777443974,0.001953125,0.001953125,0.001953125,0.8197434572694001,0.29884068192962016,0.9386886943867101,0.29884068192962016,0.9386886943867101,0.25826135197654265,0.8197434572694001,0.25826135197654265,0.9386886943867101,0.21377577202346515,0.8197434572694001,0.21377577202346515,0.8197434572694001,0.25435510197654265,0.9386886943867101,0.25435510197654265,0.8197434572694001,0.20986952202346512,0.9453829605441432,0.20986952202346512,0.9453829605441432,0.1692901920703876,0.8197434572694001,0.1692901920703876,0.8197434572694001,0.16538394207038762,0.9453829605441432,0.16538394207038762,0.9453829605441432,0.12480461211731009,0.8197434572694001,0.12480461211731009,0.9453829605441432,0.001953125,0.8197434572694001,0.001953125,0.8197434572694001,0.12089836211731007,0.9453829605441432,0.12089836211731007,0.4713821816875865,0.9799326187346826,0.4713821816875865,0.6575309581684207,0.13083340610577296,0.6575309581684207,0.13083340610577296,0.9799326187346826,0.4713821816875865,0.33122304760215865,0.13083340610577296,0.33122304760215865,0.13083340610577296,0.6536247081684206,0.4713821816875865,0.6536247081684206,0.4752884316875866,0.6565867202043174,0.7976900922538486,0.6565867202043174,0.7976900922538486,0.3312230476021587,0.4752884316875866,0.3312230476021587,0.4752884316875866,0.32731679760215865,0.8158372072694001,0.32731679760215865,0.8158372072694001,0.001953125,0.4752884316875866,0.001953125,0.4752884316875865,0.9858566428064759,0.7976900922538485,0.9858566428064759,0.7976900922538485,0.6604929702043172,0.4752884316875865,0.6604929702043172,0.13083340610577296,0.32731679760215865,0.4713821816875865,0.32731679760215865,0.4713821816875865,0.001953125,0.13083340610577296,0.001953125],"components":2,"type":"float32"}}],"meshes":[{"aabb":{"min":[-0.975693,-0.000506178,-1.03061],"max":[0.975689,4.45539,1.03061]},"vertices":0,"indices":[12,13,14,14,15,12,28,29,30,30,31,28,56,57,58,58,59,56,8,9,10,10,11,8,24,25,26,26,27,24,48,49,50,50,51,48,40,41,42,42,43,40,32,33,34,34,35,32,36,37,38,38,39,36,4,5,6,6,7,4,20,21,22,22,23,20,52,53,54,54,55,52,0,1,2,2,3,0,16,17,18,18,19,16,44,45,46,46,47,44],"type":"triangles","base":0,"count":90}],"meshInstances":[{"node":1,"mesh":0}]}}