{"model":{"version":2,"nodes":[{"name":"RootNode","position":[0,0,0],"rotation":[0,0,0],"scale":[1,1,1]},{"name":"tree_medium_mesh","position":[0,0,0],"rotation":[0,0,0],"scale":[0.01,0.01,0.01]}],"parents":[-1,0],"skins":[],"vertices":[{"position":{"type":"float32","components":3,"data":[-0.175896,2.77265,0.241262,-0.175896,-0.0141525,0.241262,0.180466,2.77265,0.241262,0.180466,-0.0141525,0.241262,-0.175896,-0.0141525,-0.135157,-0.175896,2.77265,-0.135157,0.180466,-0.0141525,-0.135157,0.180466,2.77265,-0.135157,0.180466,-0.0141525,-0.135157,0.180466,2.77265,-0.135157,0.180466,-0.0141525,0.241262,0.180466,2.77265,0.241262,-0.175896,2.77265,0.241262,-0.175896,-0.0141525,-0.135157,-0.175896,-0.0141525,0.241262,-0.175896,2.77265,-0.135157,-0.0896378,3.15925,1.50511,0.958508,3.15925,1.50511,0.958508,3.15925,0.397968,-0.0896378,3.15925,0.397968,0.958508,2.01636,1.50511,-0.0896378,2.01636,1.50511,0.958508,2.01636,0.397968,-0.0896378,2.01636,0.397968,-0.0896378,3.15925,0.397968,0.958508,2.01636,0.397968,-0.0896378,2.01636,0.397968,0.958508,3.15925,0.397968,-0.0896378,3.15925,1.50511,-0.0896378,2.01636,0.397968,-0.0896378,2.01636,1.50511,-0.0896378,3.15925,0.397968,0.958508,3.15925,1.50511,-0.0896378,3.15925,1.50511,-0.0896378,2.01636,1.50511,0.958508,2.01636,1.50511,0.958508,3.15925,1.50511,0.958508,2.01636,1.50511,0.958508,3.15925,0.397968,0.958508,2.01636,0.397968,-0.0449066,3.38314,-0.0969162,-1.05214,3.38314,0.967009,-0.0449066,3.38314,0.967009,-1.05214,3.38314,-0.0969162,-1.05214,2.28488,0.967009,-0.0449066,2.28488,-0.0969162,-0.0449066,2.28488,0.967009,-1.05214,2.28488,-0.0969162,-0.0449066,3.38314,0.967009,-1.05214,3.38314,0.967009,-1.05214,2.28488,0.967009,-0.0449066,2.28488,0.967009,-0.0449066,3.38314,0.967009,-0.0449066,2.28488,0.967009,-0.0449066,3.38314,-0.0969162,-0.0449066,2.28488,-0.0969162,-1.05214,2.28488,-0.0969162,-1.05214,3.38314,-0.0969162,-0.0449066,2.28488,-0.0969162,-0.0449066,3.38314,-0.0969162,-1.05214,3.38314,0.967009,-1.05214,2.28488,-0.0969162,-1.05214,2.28488,0.967009,-1.05214,3.38314,-0.0969162,0.877453,3.32036,-0.430264,0.877453,3.32036,-1.50511,-0.309753,3.32036,-0.430264,-0.309753,3.32036,-1.50511,-0.309753,2.21082,-0.430264,0.877453,2.21082,-1.50511,0.877453,2.21082,-0.430264,-0.309753,2.21082,-1.50511,0.877453,3.32036,-0.430264,-0.309753,3.32036,-0.430264,-0.309753,2.21082,-0.430264,0.877453,2.21082,-0.430264,0.877453,3.32036,-0.430264,0.877453,2.21082,-0.430264,0.877453,3.32036,-1.50511,0.877453,2.21082,-1.50511,-0.309753,2.21082,-1.50511,-0.309753,3.32036,-1.50511,0.877453,2.21082,-1.50511,0.877453,3.32036,-1.50511,-0.309753,3.32036,-0.430264,-0.309753,2.21082,-1.50511,-0.309753,2.21082,-0.430264,-0.309753,3.32036,-1.50511,0.072319,3.16306,-1.11907,-1.00955,3.16306,0.023695,0.072319,3.16306,0.023695,-1.00955,3.16306,-1.11907,-1.00955,1.98341,0.023695,0.072319,1.98341,-1.11907,0.072319,1.98341,0.023695,-1.00955,1.98341,-1.11907,0.072319,3.16306,0.023695,-1.00955,3.16306,0.023695,-1.00955,1.98341,0.023695,0.072319,1.98341,0.023695,0.072319,3.16306,0.023695,0.072319,1.98341,0.023695,0.072319,3.16306,-1.11907,0.072319,1.98341,-1.11907,-1.00955,1.98341,-1.11907,-1.00955,3.16306,-1.11907,0.072319,1.98341,-1.11907,0.072319,3.16306,-1.11907,-1.00955,3.16306,0.023695,-1.00955,1.98341,-1.11907,-1.00955,1.98341,0.023695,-1.00955,3.16306,-1.11907,0.689659,4.43391,0.634775,0.689659,4.43391,-0.771238,-0.64143,4.43391,0.634775,-0.64143,4.43391,-0.771238,-0.64143,2.98251,0.634775,0.689659,2.98251,-0.771238,0.689659,2.98251,0.634775,-0.64143,2.98251,-0.771238,0.689659,4.43391,0.634775,-0.64143,4.43391,0.634775,-0.64143,2.98251,0.634775,0.689659,2.98251,0.634775,0.689659,4.43391,0.634775,0.689659,2.98251,0.634775,0.689659,4.43391,-0.771238,0.689659,2.98251,-0.771238,-0.64143,2.98251,-0.771238,-0.64143,4.43391,-0.771238,0.689659,2.98251,-0.771238,0.689659,4.43391,-0.771238,-0.64143,4.43391,0.634775,-0.64143,2.98251,-0.771238,-0.64143,2.98251,0.634775,-0.64143,4.43391,-0.771238,1.41315,3.17214,0.550922,0.338303,3.17214,-0.466648,0.338303,3.17214,0.550922,1.41315,3.17214,-0.466648,0.338303,2.06259,0.550922,0.338303,2.06259,-0.466648,1.41315,2.06259,0.550922,1.41315,2.06259,-0.466648,0.338303,3.17214,0.550922,0.338303,2.06259,-0.466648,0.338303,2.06259,0.550922,0.338303,3.17214,-0.466648,1.41315,3.17214,0.550922,0.338303,3.17214,0.550922,0.338303,2.06259,0.550922,1.41315,2.06259,0.550922,1.41315,3.17214,0.550922,1.41315,2.06259,0.550922,1.41315,3.17214,-0.466648,1.41315,2.06259,-0.466648,0.338303,3.17214,-0.466648,1.41315,2.06259,-0.466648,0.338303,2.06259,-0.466648,1.41315,3.17214,-0.466648,-0.494175,2.83509,-0.547091,-1.41315,2.83509,0.423616,-0.494175,2.83509,0.423616,-1.41315,2.83509,-0.547091,-1.41315,1.83305,0.423616,-0.494175,1.83305,-0.547091,-0.494175,1.83305,0.423616,-1.41315,1.83305,-0.547091,-0.494175,2.83509,0.423616,-1.41315,2.83509,0.423616,-1.41315,1.83305,0.423616,-0.494175,1.83305,0.423616,-0.494175,2.83509,0.423616,-0.494175,1.83305,0.423616,-0.494175,2.83509,-0.547091,-0.494175,1.83305,-0.547091,-1.41315,1.83305,-0.547091,-1.41315,2.83509,-0.547091,-0.494175,1.83305,-0.547091,-0.494175,2.83509,-0.547091,-1.41315,2.83509,0.423616,-1.41315,1.83305,-0.547091,-1.41315,1.83305,0.423616,-1.41315,2.83509,-0.547091]},"normal":{"type":"float32","components":3,"data":[0,0,1,0,0,1,0,0,1,0,0,1,0,0,-1,0,0,-1,0,0,-1,0,0,-1,1,0,0,1,0,0,1,0,0,1,0,0,-1,0,0,-1,0,0,-1,0,0,-1,0,0,0,1,0,0,1,0,0,1,0,0,1,0,0,-1,0,0,-1,0,0,-1,0,0,-1,0,0,0,-1,0,0,-1,0,0,-1,0,0,-1,-1,0,0,-1,0,0,-1,0,0,-1,0,0,0,0,1,0,0,1,0,0,1,0,0,1,1,0,0,1,0,0,1,0,0,1,0,0,0,1,0,0,1,0,0,1,0,0,1,0,0,-1,0,0,-1,0,0,-1,0,0,-1,0,0,0,1,0,0,1,0,0,1,0,0,1,1,0,0,1,0,0,1,0,0,1,0,0,0,0,-1,0,0,-1,0,0,-1,0,0,-1,-1,0,0,-1,0,0,-1,0,0,-1,0,0,0,1,0,0,1,0,0,1,0,0,1,0,0,-1,0,0,-1,0,0,-1,0,0,-1,0,0,0,1,0,0,1,0,0,1,0,0,1,1,0,0,1,0,0,1,0,0,1,0,0,0,0,-1,0,0,-1,0,0,-1,0,0,-1,-1,0,0,-1,0,0,-1,0,0,-1,0,0,0,1,0,0,1,0,0,1,0,0,1,0,0,-1,0,0,-1,0,0,-1,0,0,-1,0,0,0,1,0,0,1,0,0,1,0,0,1,1,0,0,1,0,0,1,0,0,1,0,0,0,0,-1,0,0,-1,0,0,-1,0,0,-1,-1,0,0,-1,0,0,-1,0,0,-1,0,0,0,1,0,0,1,0,0,1,0,0,1,0,0,-1,0,0,-1,0,0,-1,0,0,-1,0,0,0,1,0,0,1,0,0,1,0,0,1,1,0,0,1,0,0,1,0,0,1,0,0,0,0,-1,0,0,-1,0,0,-1,0,0,-1,-1,0,0,-1,0,0,-1,0,0,-1,0,0,0,1,0,0,1,0,0,1,0,0,1,0,0,-1,0,0,-1,0,0,-1,0,0,-1,0,-1,0,0,-1,0,0,-1,0,0,-1,0,0,0,0,1,0,0,1,0,0,1,0,0,1,1,0,0,1,0,0,1,0,0,1,0,0,0,0,-1,0,0,-1,0,0,-1,0,0,-1,0,1,0,0,1,0,0,1,0,0,1,0,0,-1,0,0,-1,0,0,-1,0,0,-1,0,0,0,1,0,0,1,0,0,1,0,0,1,1,0,0,1,0,0,1,0,0,1,0,0,0,0,-1,0,0,-1,0,0,-1,0,0,-1,-1,0,0,-1,0,0,-1,0,0,-1,0,0]},"texCoord0":{"type":"float32","components":2,