{"model":{"version":2,"nodes":[{"name":"RootNode","position":[0,0,0],"rotation":[0,0,0],"scale":[1,1,1]},{"name":"burger_shop_sign_mesh","position":[0,0,0],"rotation":[0,0,0],"scale":[0.01,0.01,0.01]}],"parents":[-1,0],"skins":[],"vertices":[{"position":{"type":"float32","components":3,"data":[-0.245651,10.0986,0.245646,-0.245651,0.441341,0.245646,0.245647,10.0986,0.245646,0.245647,0.441341,0.245646,-0.245651,0.441341,-0.245653,-0.245651,10.0986,-0.245653,0.245647,0.441341,-0.245653,0.245647,10.0986,-0.245653,0.245647,0.441341,-0.245653,0.245647,10.0986,-0.245653,0.245647,0.441341,0.245646,0.245647,10.0986,0.245646,-0.245651,10.0986,0.245646,-0.245651,0.441341,-0.245653,-0.245651,0.441341,0.245646,-0.245651,10.0986,-0.245653,0.939369,0.529698,0.939367,-0.939373,0.529698,0.939367,-0.939373,4.47035e-8,0.939367,0.939369,4.47035e-8,0.939367,0.939369,0.529698,0.939367,0.939369,0.529698,-0.939375,-0.939373,0.529698,0.939367,-0.939373,0.529698,-0.939375,0.939369,4.47035e-8,-0.939375,-0.939373,4.47035e-8,-0.939375,-0.939373,0.529698,-0.939375,0.939369,0.529698,-0.939375,0.939369,0.529698,-0.939375,0.939369,0.529698,0.939367,0.939369,4.47035e-8,0.939367,0.939369,4.47035e-8,-0.939375,-0.939373,0.529698,0.939367,-0.939373,4.47035e-8,-0.939375,-0.939373,4.47035e-8,0.939367,-0.939373,0.529698,-0.939375,2.26,10.9458,2.26,-2.26,10.9458,2.26,-2.26,9.17631,2.26,2.26,9.17631,2.26,2.26,10.9458,2.26,2.26,10.9458,-2.26,-2.26,10.9458,2.26,-2.26,10.9458,-2.26,2.26,9.17631,-2.26,-2.26,9.17631,-2.26,-2.26,10.9458,-2.26,2.26,10.9458,-2.26,2.26,9.17631,2.26,-2.26,9.17631,2.26,-2.26,9.17631,-2.26,2.26,9.17631,-2.26,2.26,10.9458,-2.26,2.26,10.9458,2.26,2.26,9.17631,2.26,2.26,9.17631,-2.26,-2.26,10.9458,2.26,-2.26,9.17631,-2.26,-2.26,9.17631,2.26,-2.26,10.9458,-2.26,2.26,13.857,2.26,-2.26,13.857,2.26,-2.26,12.0874,2.26,2.26,12.0874,2.26,2.26,13.857,2.26,2.26,13.857,-2.26,-2.26,13.857,2.26,-2.26,13.857,-2.26,2.26,12.0874,-2.26,-2.26,12.0874,-2.26,-2.26,13.857,-2.26,2.26,13.857,-2.26,2.26,12.0874,2.26,-2.26,12.0874,2.26,-2.26,12.0874,-2.26,2.26,12.0874,-2.26,2.26,13.857,-2.26,2.26,13.857,2.26,2.26,12.0874,2.26,2.26,12.0874,-2.26,-2.26,13.857,2.26,-2.26,12.0874,-2.26,-2.26,12.0874,2.26,-2.26,13.857,-2.26,3.11901,11.0109,3.11901,-3.11901,11.0109,3.11901,-3.11901,10.752,3.11901,3.11901,10.752,3.11901,3.11901,11.0109,3.11901,3.11901,11.0109,-3.11901,-3.11901,11.0109,3.11901,-3.11901,11.0109,-3.11901,3.11901,10.752,-3.11901,-3.11901,10.752,-3.11901,-3.11901,11.0109,-3.11901,3.11901,11.0109,-3.11901,3.11901,10.752,3.11901,-3.11901,10.752,3.11901,-3.11901,10.752,-3.11901,3.11901,10.752,-3.11901,3.11901,11.0109,-3.11901,3.11901,11.0109,3.11901,3.11901,10.752,3.11901,3.11901,10.752,-3.11901,-3.11901,11.0109,3.11901,-3.11901,10.752,-3.11901,-3.11901,10.752,3.11901,-3.11901,11.0109,-3.11901,2.7294,12.1184,2.7294,-2.7294,12.1184,2.7294,-2.7294,10.9351,2.7294,2.7294,10.9351,2.7294,2.7294,12.1184,-2.7294,-2.7294,12.1184,2.7294,2.7294,12.1184,2.7294,-2.7294,12.1184,-2.7294,2.7294,10.9351,-2.7294,-2.7294,10.9351,-2.7294,-2.7294,12.1184,-2.7294,2.7294,12.1184,-2.7294,2.7294,10.9351,2.7294,-2.7294,10.9351,2.7294,-2.7294,10.9351,-2.7294,2.7294,10.9351,-2.7294,2.7294,12.1184,-2.7294,2.7294,12.1184,2.7294,2.7294,10.9351,2.7294,2.7294,10.9351,-2.7294,-2.7294,12.1184,2.7294,-2.7294,10.9351,-2.7294,-2.7294,10.9351,2.7294,-2.7294,12.1184,-2.7294]},"normal":{"type":"float32","components":3,"data":[0,0,1,0,0,1,0,0,1,0,0,1,0,0,-1,0,0,-1,0,0,-1,0,0,-1,1,0,0,1,0,0,1,0,0,1,0,0,-1,0,0,-1,0,0,-1,0,0,-1,0,0,0,0,1,0,0,1,0,0,1,0,0,1,0,1,0,0,1,0,0,1,0,0,1,0,0,0,-1,0,0,-1,0,0,-1,0,0,-1,1,0,0,1,0,0,1,0,0,1,0,0,-1,0,0,-1,0,0,-1,0,0,-1,0,0,0,0,1,0,0,1,0,0,1,0,0,1,0,1,0,0,1,0,0,1,0,0,1,0,0,0,-1,0,0,-1,0,0,-1,0,0,-1,0,-1,0,0,-1,0,0,-1,0,0,-1,0,1,0,0,1,0,0,1,0,0,1,0,0,-1,0,0,-1,0,0,-1,0,0,-1,0,0,0,0,1,0,0,1,0,0,1,0,0,1,0,1,0,0,1,0,0,1,0,0,1,0,0,0,-1,0,0,-1,0,0,-1,0,0,-1,0,-1,0,0,-1,0,0,-1,0,0,-1,0,1,0,0,1,0,0,1,0,0,1,0,0,-1,0,0,-1,0,0,-1,0,0,-1,0,0,0,0,1,0,0,1,0,0,1,0,0,1,0,1,0,0,1,0,0,1,0,0,1,0,0,0,-1,0,0,-1,0,0,-1,0,0,-1,0,-1,0,0,-1,0,0,-1,0,0,-1,0,1,0,0,1,0,0,1,0,0,1,0,0,-1,0,0,-1,0,0,-1,0,0,-1,0,0,0,0,1,0,0,1,0,0,1,0,0,1,0,1,0,0,1,0,0,1,0,0,1,0,0,0,-1,0,0,-1,0,0,-1,0,0,-1,0,-1,0,0,-1,0,0,-1,0,0,-1,0,1,0,0,1,0,0,1,0,0,1,0,0,-1,0,0,-1,0,0,-1,0,0,-1,0,0]},"texCoord0":{"type":"float32","components":2,"data":[0.596099,0.426863,0.596099,0.42299,0.599972,0.426863,0.599972,0.42299,0.596099,0.43461,0.596099,0.430737,0.599972,0.43461,0.599972,0.430737,0.460379,0.462601,0.460379,0.466474,0.456506,0.462601,0.456506,0.466474,0.452632,0.466474,0.448759,0.462601,0.452632,0.462601,0.448759,0.466474,0.499546,0.435232,0.495672,0.435232,0.495672,0.431359,0.499546,0.431359,0.456961,0.452461,0.456961,0.486436,0.445004,0.452461,0.445004,0.486436,0.499546,0.442979,0.495672,0.442979,0.495672,0.439106,0.499546,0.439106,0.576745,0.412807,0.570216,0.412807,0.570216,0.406277,0.576745,0.406277,0.563686,0.412807,0.557157,0.406277,0.563686,0.406277,0.557157,0.412807,0.365309,0.458223,0.365309,0.467963,0.362209,0.467963,0.362209,0.458223,0.677471,0.0019919,0.919257,0.0019919,0.677471,0.243779,0.919257,0.243779,0.361977,0.458223,0.361977,0.467963,0.358877,0.467963,0.358877,0.458223,0.393945,0.449378,0.401069,0.448959,0.401889,0.452601,0.394765,0.453021,0.312434,0.472934,0.312434,0.46298,0.315602,0.46298,0.315602,0.472934,0.308977,0.472934,0.312145,0.46298,0.312145,0.472934,0.308977,0.46298,0.360742,0.468113,0.360742,0.477853,0.357642,0.477853,0.357642,0.468113,0.707775,0.329477,0.873847,0.329477,0.707775,0.495549,0.873847,0.495549,0.364132,0.468113,0.364132,0.477853,0.361032,0.477853,0.361032,0.468113,0.397155,0.456746,0.404279,0.456326,0.4051,0.459969,0.397976,0.460389,0.30552,0.472934,0.30552,0.46298,0.308688,0.46298,0.308688,0.472934,0.302063,0.472934,0.305231,0.46298,0.305231,0.472934,0.302063,0.46298,0.327975,0.408592,0.327873,0.408592,0.327998,0.408592,0.328099,0.408592,0.294696,0.386038,0.294696,0.378107,0.302628,0.386038,0.302628,0.378107,0.326267,0.410219,0.326166,0.406966,0.326166,0.406966,0.326267,0.410219,0.28607,0.378107,0.294001,0.378107,0.294001,0.386038,0.28607,0.386038,0.326267,0.410219,0.327975,0.408592,0.328099,0.408592,0.326267,0.410219,0.327873,0.408592,0.326166,0.406966,0.327998,0.408592,0.326166,0.406966,0.395072,0.450388,0.395072,0.460709,0.393838,0.460709,0.393838,0.450388,0.419099,0.484932,0.398136,0.495536,0.398136,0.484932,0.419099,0.495536,0.396473,0.450388,0.396473,0.460709,0.395239,0.460709,0.395239,0.450388,0.934774,0.773362,0.934774,0.998007,0.710128,0.998007,0.710128,0.773362,0.368933,0.467457,0.368933,0.48844,0.364126,0.48844,0.364126,0.467457,0.36359,0.467457,0.358783,0.48844,0.358783,0.467457,0.36359,0.48844]},