{"model":{"version":2,"nodes":[{"name":"RootNode","position":[0,0,0],"rotation":[0,0,0],"scale":[1,1,1]},{"name":"Box001","position":[0,0,0],"rotation":[-90,-0,0],"scale":[1,1,1]}],"parents":[-1,0],"skins":[],"vertices":[{"position":{"type":"float32","components":3,"data":[-2.5,-2.5,0,-2.5,2.5,0,2.5,2.5,0,2.5,-2.5,0,-2.20623,-2.20623,0.206232,2.20623,-2.20623,0.206232,2.20623,2.20623,0.206232,-2.20623,2.20623,0.206232,-2.5,-2.5,0,2.5,-2.5,0,2.5,-2.5,0.5,-2.5,-2.5,0.5,2.5,-2.5,0,2.5,2.5,0,2.5,2.5,0.5,2.5,-2.5,0.5,2.5,2.5,0,-2.5,2.5,0,-2.5,2.5,0.5,2.5,2.5,0.5,-2.5,2.5,0,-2.5,-2.5,0,-2.5,-2.5,0.5,-2.5,2.5,0.5,-2.5,-2.5,0.5,2.5,-2.5,0.5,2.20623,-2.20623,0.5,-2.20623,-2.20623,0.5,2.5,2.5,0.5,2.20623,2.20623,0.5,-2.5,2.5,0.5,-2.20623,2.20623,0.5,-2.20623,-2.20623,0.5,2.20623,-2.20623,0.5,2.20623,-2.20623,0.206232,-2.20623,-2.20623,0.206232,2.20623,-2.20623,0.5,2.20623,2.20623,0.5,2.20623,2.20623,0.206232,2.20623,-2.20623,0.206232,2.20623,2.20623,0.5,-2.20623,2.20623,0.5,-2.20623,2.20623,0.206232,2.20623,2.20623,0.206232,-2.20623,2.20623,0.5,-2.20623,-2.20623,0.5,-2.20623,-2.20623,0.206232,-2.20623,2.20623,0.206232]},"normal":{"type":"float32","components":3,"data":[0,0,-1,0,0,-1,0,0,-1,0,0,-1,0,0,1,0,0,1,0,0,1,0,0,1,0,-1,0,0,-1,0,0,-1,0,0,-1,0,1,0,0,1,0,0,1,0,0,1,0,0,0,1,0,0,1,0,0,1,0,0,1,0,-1,0,0,-1,0,0,-1,0,0,-1,0,0,0,0,1,0,0,1,0,0,1,0,0,1,0,0,1,0,0,1,0,0,1,0,0,1,0,1,0,0,1,0,0,1,0,0,1,0,-1,0,0,-1,0,0,-1,0,0,-1,0,0,0,-1,0,0,-1,0,0,-1,0,0,-1,0,1,0,0,1,0,0,1,0,0,1,0,0]},"texCoord0":{"type":"float32","components":2,"data":[0.999501,0.000499725,0.9995,0.999501,0.000499487,0.9995,0.000499725,0.000499487,0.0591944,0.0591946,0.940805,0.0591944,0.940806,0.940805,0.0591946,0.940806,0.000499487,0.000499457,0.9995,0.000499457,0.9995,0.999501,0.000499487,0.999501,0.000499487,0.000499457,0.9995,0.000499457,0.9995,0.999501,0.000499487,0.999501,0.000499487,0.000499457,0.9995,0.000499457,0.9995,0.999501,0.000499487,0.999501,0.000499487,0.000499457,0.9995,0.000499457,0.9995,0.999501,0.000499487,0.999501,0.000499487,0.000499725,0.9995,0.000499487,0.940805,0.0591944,0.0591944,0.0591946,0.999501,0.9995,0.940806,0.940805,0.000499725,0.999501,0.0591946,0.940806,0.940806,0.999501,0.0591946,0.999501,0.0591946,0.412551,0.940806,0.412551,0.940806,0.999501,0.0591946,0.999501,0.0591946,0.412551,0.940806,0.412551,0.940806,0.999501,0.0591946,0.999501,0.0591946,0.412551,0.940806,0.412551,0.940806,0.999501,0.0591946,0.999501,0.0591946,0.412551,0.940806,0.412551]},"texCoord1":{"type":"float32","components":2,"data":[0.01,0.495533,0.01,0.01,0.495533,0.01,0.495533,0.495533,0.504467,0.01,0.932946,0.01,0.932946,0.438479,0.504467,0.438479,0.553021,0.447414,0.553021,0.932946,0.504467,0.932946,0.504467,0.447414,0.752288,0.447414,0.752288,0.932946,0.703735,0.932946,0.703735,0.447414,0.619443,0.447414,0.619443,0.932946,0.57089,0.932946,0.57089,0.447414,0.685865,0.447414,0.685865,0.932946,0.637312,0.932946,0.637312,0.447414,0.01,0.504467,0.495533,0.504467,0.467006,0.532994,0.0385268,0.532994,0.495533,0.99,0.467006,0.961473,0.01,0.99,0.0385268,0.961473,0.770157,0.875893,0.770157,0.447414,0.798684,0.447414,0.798684,0.875893,0.909345,0.875893,0.909345,0.447414,0.937872,0.447414,0.937872,0.875893,0.816553,0.875893,0.816553,0.447414,0.84508,0.447414,0.84508,0.875893,0.862949,0.875893,0.862949,0.447414,0.891476,0.447414,0.891476,0.875893]}}],"meshes":[{"aabb":{"min":[-2.5,-2.5,0],"max":[2.5,2.5,0.5]},"vertices":0,"indices":[4,5,6,6,7,4],"type":"triangles","base":0,"count":6},{"aabb":{"min":[-2.5,-2.5,0],"max":[2.5,2.5,0.5]},"vertices":0,"indices":[0,1,2,2,3,0,8,9,10,10,11,8,12,13,14,14,15,12,16,17,18,18,19,16,20,21,22,22,23,20,24,25,26,26,27,24,25,28,29,29,26,25,28,30,31,31,29,28,30,24,27,27,31,30,32,33,34,34,35,32,36,37,38,38,39,36,40,41,42,42,43,40,44,45,46,46,47,44],"type":"triangles","base":0,"count":78}],"meshInstances":[{"node":1,"mesh":0},{"node":1,"mesh":1}]}}