{"model":{"version":2,"nodes":[{"name":"RootNode","position":[0,0,0],"rotation":[0,0,0],"scale":[1,1,1]},{"name":"lamp_mesh","position":[0,0,0],"rotation":[0,0,0],"scale":[0.01,0.01,0.01]}],"parents":[-1,0],"skins":[],"vertices":[{"position":{"type":"float32","components":3,"data":[-0.393876,2.48879,1.75052,-0.393876,0.25616,1.75052,0.393876,2.48879,1.75052,0.393876,0.25616,1.75052,0.144546,8.55031,1.24078,-0.144546,8.55031,1.51447,0.144546,8.55031,1.51447,-0.144546,8.55031,1.24078,-0.393876,0.25616,1.00474,-0.393876,2.48879,1.00474,0.393876,0.25616,1.00474,0.393876,2.48879,1.00474,0.393876,0.25616,1.00474,0.393876,2.48879,1.00474,0.393876,0.25616,1.75052,0.393876,2.48879,1.75052,-0.393876,2.48879,1.75052,-0.393876,0.25616,1.00474,-0.393876,0.25616,1.75052,-0.393876,2.48879,1.00474,0.144546,2.48879,1.51447,-0.393876,2.48879,1.75052,0.393876,2.48879,1.75052,-0.144546,2.48879,1.51447,0.393876,2.48879,1.00474,0.144546,2.48879,1.24078,-0.393876,2.48879,1.00474,-0.144546,2.48879,1.24078,-0.144546,7.69818,1.51447,-0.144546,2.48879,1.51447,0.144546,7.69818,1.51447,0.144546,2.48879,1.51447,0.144546,2.48879,1.24078,0.144546,7.69818,1.24078,0.144546,2.48879,1.51447,0.144546,7.69818,1.51447,-0.144546,2.48879,1.24078,-0.144546,7.69818,1.24078,0.144546,2.48879,1.24078,0.144546,7.69818,1.24078,-0.144546,7.69818,1.51447,-0.144546,2.48879,1.24078,-0.144546,2.48879,1.51447,-0.144546,7.69818,1.24078,0.144546,8.55031,1.51447,0.144546,8.13548,1.51447,0.144546,8.55031,1.24078,0.144546,8.13548,1.24078,0.144546,8.55031,1.51447,-0.144546,8.55031,1.51447,-0.144546,8.13548,1.51447,0.144546,8.13548,1.51447,-0.144546,8.55031,1.51447,-0.144546,8.13548,1.24078,-0.144546,8.13548,1.51447,-0.144546,8.55031,1.24078,-0.144546,8.55031,1.24078,0.144546,8.13548,1.24078,-0.144546,8.13548,1.24078,0.144546,8.55031,1.24078,0.08066,7.99589,1.25134,-0.08066,7.99589,1.25134,0.08066,7.83777,1.25134,-0.08066,7.83777,1.25134,0.08066,7.99589,1.25134,0.08066,7.99589,-0.957344,-0.08066,7.99589,1.25134,-0.08066,7.99589,-0.957344,0.08066,7.83777,-0.957344,0.08066,7.99589,1.25134,0.08066,7.83777,1.25134,0.08066,7.99589,-0.957344,-0.08066,7.99589,-0.957344,-0.08066,7.83777,1.25134,-0.08066,7.99589,1.25134,-0.08066,7.83777,-0.957344,-0.08066,7.83777,1.25134,-0.08066,7.83777,-0.957344,0.08066,7.83777,1.25134,0.08066,7.83777,-0.957344,0.08066,7.99589,-1.90295,-0.08066,7.99589,-1.90295,0.27087,7.83777,-0.957344,0.27087,7.83777,-1.90295,0.27087,7.99589,-0.957344,0.27087,7.99589,-1.90295,-0.27087,7.99589,-0.957344,-0.27087,7.99589,-1.90295,-0.27087,7.83777,-0.957344,-0.27087,7.83777,-1.90295,-0.08066,7.83777,-1.90295,0.08066,7.83777,-1.90295,0.27087,7.99589,-0.957344,0.08066,7.99589,-0.957344,0.27087,7.83777,-0.957344,0.08066,7.83777,-0.957344,0.27087,7.83777,-1.90295,0.27087,7.83777,-0.957344,0.27087,7.83777,-1.90295,0.08066,7.83777,-1.90295,0.27087,7.99589,-1.90295,0.08066,7.99589,-1.90295,0.27087,7.99589,-0.957344,0.27087,7.99589,-1.90295,-0.27087,7.99589,-0.957344,-0.08066,7.83777,-0.957344,-0.08066,7.99589,-0.957344,-0.27087,7.83777,-0.957344,-0.27087,7.99589,-1.90295,-0.27087,7.99589,-0.957344,-0.27087,7.83777,-1.90295,-0.08066,7.99589,-1.90295,-0.08066,7.83777,-1.90295,-0.27087,7.99589,-1.90295,-0.27087,7.83777,-0.957344,-0.27087,7.83777,-1.90295,0.55488,-0.00267194,0.852311,-0.55488,-0.00267194,0.852311,-0.55488,0.25616,0.852311,0.55488,0.25616,0.852311,0.55488,-0.00267194,1.90295,0.55488,0.25616,0.852311,0.55488,0.25616,1.90295,0.55488,-0.00267194,0.852311,0.55488,0.25616,1.90295,-0.55488,0.25616,1.90295,-0.55488,-0.00267194,1.90295,0.55488,-0.00267194,1.90295,-0.55488,-0.00267194,0.852311,-0.55488,-0.00267194,1.90295,-0.55488,0.25616,1.90295,-0.55488,0.25616,0.852311,-0.393876,0.25616,1.00474,0.393876,0.25616,1.00474,0.55488,0.25616,0.852311,-0.55488,0.25616,0.852311,0.55488,0.25616,1.90295,0.393876,0.25616,1.75052,-0.55488,0.25616,1.90295,-0.393876,0.25616,1.75052]},"normal":{"type":"float32","components":3,"data":[0,0,1,0,0,1,0,0,1,0,0,1,0,1,0,0,1,0,0,1,0,0,1,0,0,0,-1,0,0,-1,0,0,-1,0,0,-1,1,0,0,1,0,0,1,0,0,1,0,0,-1,0,0,-1,0,0,-1,0,0,-1,0,0,0,1,0,0,1,0,0,1,0,0,1,0,0,1,0,0,1,0,0,1,0,0,1,0,0,0,1,0,0,1,0,0,1,0,0,1,1,0,0,1,0,0,1,0,0,1,0,0,0,0,-1,0.000566729,0.00112786,-0.999999,0,0,-1,-0.000566729,0.00112786,-0.999999,-1,0,0,-1,0,0,-1,0,0,-1,0,0,1,0,0,1,0,0,1,0,0,1,0,0,0,0,1,0,0,1,0,0,1,0,0,1,-1,0,0,-1,0,0,-1,0,0,-1,0,0,0,0,-1,-0.00587193,-0.011686,-0.999914,0.00587193,-0.011686,-0.999914,0,0,-1,-0.074186,-0.0414346,-0.996383,0.074186,-0.0414346,-0.996383,-0.0741863,0.0414348,-0.996383,0.0741863,0.0414348,-0.996383,0,1,0,0,1,0,0,1,0,0,1,0,1,0,0,1,0,0,1,0,0,1,0,0,-1,0,0,-1,0,0,-1,0,0,-1,0,0,0,-1,0,0,-1,0,0,-1,0,0,-1,0,0,1,0,0,1,0,1,0,0,1,0,0,1,0,0,1,0,0,-1,0,0,-1,0,0,-1,0,0,-1,0,0,0,-1,0,0,-1,0,0,0,1,0,0,1,0,0,1,0,0,1,0,-1,0,0,-1,0,0,0,-1,0,0,-1,0,0,-1,0,0,-1,0,1,0,0,1,0,0,0,1,0,0,1,0,0,1,0,0,1,0,1,0,0,1,0,0,0,-1,0,0,-1,0,0,-1,0,0,-1,0,-1,0,0,-1,0,0,0,-1,0,0,-1,0,0,-1,0,0,-1,1,0,0,1,0,0,1,0,0,1,0,0,0,0,1,0,0,1,0,0,1,0,0,1,-1,0,0,-1,0,0,-1,0,0,-1,0,0,0,1,-1.30297e-8,0,1,-1.30297e-8,0,1,-1.24314e-8,0,1,-1.24314e-8,0,1,1.24314e-8,0,1,1.30297e-8,0,1,1.24314e-8,0,1,1.30297e-8]},"texCoord0":{"type":"float32","components":2,"data":[0.43539,0.30667,0.43539,0.332811,0.425434,0.30667,0.425434,0.332811,0.600554,0.278716,0.557796,0.32388,0.557796,0.278716,0.600554,0.32388,0.404943,0.30667,0.404943,0.332811,0.394987,0.30667,0.394987,0.332811,0.2913,0.332811,0.2913,0.30667,0.300726,0.332811,0.300726,0.30667,0.281355,0.30667,0.290781,0.332811,0.281355,0.332811,0.290781,0.30667,0.547599,0.292536,0.543945,0.300872,0.543945,0.288676,0.547599,0.297011,0.555491,0.288676,0.551836,0.292536,0.555491,0.300872,0.551836,0.297011,0.46752,0.266968,0.46752,0.332811,0.463866,0.266968,0.463866,0.332811,0.335669,0.332811,0.335669,0.266968,0.339129,0.332811,0.339129,0.266968,0.471666,0.256198,0.471666,0.32204,0.468012,0.256198,0.468012,0.32204,0.331692,0.266968,0.335151,0.332811,0.331692,0.332811,0.335151,0.266968,0.339129,0.256198,0.339129,0.261441,0.335669,0.256198,0.335669,0.261441,0.463866,0.256198,0.46752,0.256198,0.46752,0.261441,0.463866,0.261441,0.331692,0.256198,0.335151,0.261441,0.331692,0.261441,0.335151,0.256198,0.471666,0.332811,0.468012,0.327568,0.471666,0.327568,0.468012,0.332811,0.46882,0.325803,0.470859,0.325803,0.46882,0.323805,0.470859,0.323805,0.578883,0.304604,0.578883,0.276689,0.580922,0.304604,0.580922,0.276689,0.313884,0.332811,0.311885,0.304895,0.313884,0.304895,0.311885,0.332811,0.314486,0.304895,0.316485,0.332811,0.314486,0.332811,0.316485,0.304895,0.328769,0.292943,0.328769,0.320859,0.32673,0.292943,0.32673,0.320859,0.578883,0.264737,0.580922,0.264737,0.313901,0.29263,0.313901,0.304581,0.311903,0.29263,0.311903,0.304581,0.314383,0.304581,0.314383,0.29263,0.316381,0.304581,0.316381,0.29263,0.328769,0.332811,0.32673,0.332811,0.433801,0.265727,0.433801,0.295443,0.409098,0.265727,0.409098,0.295443,0.324326,0.332811,0.324326,0.320859,0.450878,0.29263,0.450878,0.290226,0.452876,0.29263,0.452876,0.290226,0.576478,0.276689,0.576478,0.264737,0.464457,0.295443,0.439754,0.265727,0.464457,0.265727,0.439754,0.295443,0.583326,0.264737,0.583326,0.276689,0.450878,0.285783,0.452876,0.288187,0.450878,0.288187,0.452876,0.285783,0.331173,0.320859,0.331173,0.332811,0.47513,0.287037,0.47513,0.318636,0.468434,0.318636,0.468434,0.287037,0.272634,0.316952,0.279329,0.287037,0.279329,0.316952,0.272634,0.287037,0.411118,0.287037,0.411118,0.318636,0.404422,0.318636,0.404422,0.287037,0.264952,0.316952,0.264952,0.287037,0.271648,0.287037,0.271648,0.316952,0.60671,0.286549,0.60671,0.274353,0.60907,0.271861,0.60907,0.289042,0.592804,0.271861,0.595164,0.274353,0.592804,0.289042,0.595164,0.286549]},