{"model":{"version":2,"nodes":[{"name":"RootNode","position":[0,0,0],"rotation":[0,0,0],"scale":[1,1,1]},{"name":"road_straight_mesh","position":[0,0,0],"rotation":[7.62939e-06,0,0],"scale":[0.01,0.01,0.01]}],"parents":[-1,0],"skins":[],"vertices":[{"position":{"type":"float32","components":3,"data":[0,-0.194796,-10,0,-0.194796,-3.16532,1.48153,-0.194796,-9.55511,3.51846,-0.194796,-10,1.48153,-0.194796,-10,3.51846,-0.194796,-9.55511,1.48153,-0.194796,-9.55511,2.49999,-0.194796,-2.86913,0,-0.194796,-2.86913,2.49999,0,-2.86913,0,0,-2.86913,2.49999,0,0,2.49999,0,-2.86913,0,0,0,0,0,-2.86913,0,-0.194796,-2.86913,2.49999,-0.194796,-2.86913,0,-0.194796,-3.16532,2.49999,-0.194796,-3.16532,4.99999,0,0,4.99999,0,-2.86913,4.99999,-0.194796,-2.86913,4.99999,0,-2.86913,4.99999,-0.194796,-3.16532,4.99999,-0.194796,-2.86913,4.99999,-0.194796,-3.16532,3.51846,-0.194796,-9.55511,2.49999,-0.194796,-3.16532,2.49999,0,0,0,0,0,2.49999,-0.194796,0,0,-0.194796,0,4.99999,0,0,2.49999,0,0,4.99999,-0.194796,0,2.49999,-0.194796,0,1.48153,-0.194796,-9.55511,3.51846,-0.194796,-9.55511,1.48153,-0.194796,-9.55511,1.48153,-0.194796,-10,4.99999,-0.194796,-10,3.51846,-0.194796,-10]},"normal":{"type":"float32","components":3,"data":[0,1,2.42312e-17,0,1,2.91548e-16,0,1,0,0,1,0,0,1,0,0,1,0,0,1,0,0,0,-1,0,0,-1,0,0,-1,0,0,-1,0,1,0,0,1,0,0,1,0,0,1,0,0,1,5.58865e-16,0,1,5.58865e-16,0,1,2.91548e-16,0,1,2.91548e-16,0,1,0,0,1,0,0,0,-1,0,0,-1,0,1,2.91548e-16,0,1,5.58865e-16,0,1,2.91548e-16,0,1,0,0,1,2.91548e-16,0,0,1,0,0,1,0,0,1,0,0,1,0,0,1,0,0,1,0,0,1,0,0,1,0,1,-4.5795e-09,0,1,-4.5795e-09,0,1,0,0,1,0,0,1,2.42312e-17,0,1,0]},"texCoord0":{"type":"float32","components":2,"data":[0.66066,0.817869,0.642084,0.817869,0.657735,0.743539,0.710584,0.265795,0.710584,0.507709,0.657572,0.265795,0.657572,0.507709,0.341073,0.514704,0.341073,0.991972,0.317897,0.501405,0.317897,0.991972,0.0101503,0.501405,0.317897,0.501405,0.0101503,0.991972,0.317897,0.991972,0.341073,0.991972,0.341073,0.514704,0.375414,0.991972,0.375414,0.514704,0.0101503,0.991972,0.317897,0.991972,0.341073,0.991972,0.317897,0.991972,0.375414,0.991972,0.341073,0.991972,0.642084,0.817869,0.657735,0.743539,0.642084,0.693881,0.324193,0.636831,0.327804,0.636831,0.324193,0.661402,0.327804,0.661402,0.324193,0.636831,0.327804,0.636831,0.324193,0.661402,0.327804,0.661402,0.657735,0.743539,0.657735,0.743539,0.657735,0.743539,0.66066,0.743539,0.66066,0.817869,0.66066,0.743539]},"texCoord1":{"type":"float32","components":2,"data":[0.01,0.01,0.755923,0.01,0.0585539,0.171691,0.01,0.393998,0.01,0.171691,0.0585539,0.393998,0.0585539,0.171691,0.282844,0.923882,0.555689,0.923882,0.282844,0.945142,0.555689,0.945142,0.282844,0.587153,0.282844,0.900284,0.01,0.587153,0.01,0.900284,0.788249,0.01,0.788249,0.282844,0.755923,0.01,0.755923,0.282844,0.555689,0.587153,0.555689,0.900284,0.01,0.923882,0.01,0.945142,0.755923,0.555689,0.788249,0.555689,0.755923,0.555689,0.0585539,0.393998,0.755923,0.282844,0.282844,0.96874,0.555689,0.96874,0.282844,0.99,0.555689,0.99,0.01,0.96874,0.282844,0.96874,0.01,0.99,0.282844,0.99,0.0585539,0.171691,0.0585539,0.393998,0.0585539,0.171691,0.01,0.171691,0.01,0.555689,0.01,0.393998]}}],"meshes":[{"aabb":{"min":[0,-0.194796,-10],"max":[4.99999,0,0]},"vertices":0,"indices":[0,1,2,3,4,5,5,4,6,7,8,9,9,8,10,11,12,13,13,12,14,15,16,17,17,16,18,19,20,11,11,20,12,21,7,22,22,7,9,18,16,23,23,16,24,25,26,27,28,29,30,30,29,31,32,33,34,34,33,35,36,27,37,2,1,27,0,38,39,40,41,26,40,26,25],"type":"triangles","base":0,"count":75}],"meshInstances":[{"node":1,"mesh":0}]}}