{"model":{"version":2,"nodes":[{"name":"RootNode","position":[0,0,0],"rotation":[0,0,0],"scale":[1,1,1]},{"name":"Coin","position":[0,0,0],"rotation":[2.50448e-06,-0,0],"scale":[0.01,0.01,0.01]}],"parents":[-1,0],"skins":[],"vertices":[{"position":{"type":"float32","components":3,"data":[9.34334,3.4007,1.32653,9.94298,-6.15931e-07,1.32653,9.94298,-1.83692e-07,-1.32653,9.34334,3.4007,-1.32653,7.61676,6.39122,1.32653,7.61676,6.39122,-1.32653,4.97149,8.61087,1.32653,4.97149,8.61087,-1.32653,1.72658,9.79192,1.32653,1.72658,9.79192,-1.32653,-1.72658,9.79192,1.32653,1.72658,9.79192,1.32653,1.72658,9.79192,-1.32653,-1.72658,9.79192,-1.32653,-4.97149,8.61087,1.32653,-4.97149,8.61087,-1.32653,-7.61676,6.39122,1.32653,-7.61676,6.39122,-1.32653,-9.34334,3.4007,1.32653,-9.34334,3.4007,-1.32653,-9.94298,8.85417e-07,1.32653,-9.94298,1.31766e-06,-1.32653,-9.34334,-3.4007,1.32653,-9.34334,-3.4007,-1.32653,-7.61676,-6.39122,1.32653,-7.61676,-6.39122,-1.32653,-4.97149,-8.61087,1.32653,-4.97149,-8.61087,-1.32653,-1.72658,-9.79192,1.32653,-1.72658,-9.79192,-1.32653,1.72657,-9.79192,1.32653,-1.72658,-9.79192,1.32653,-1.72658,-9.79192,-1.32653,1.72657,-9.79192,-1.32653,4.97148,-8.61087,1.32653,4.97148,-8.61087,-1.32653,7.61676,-6.39123,1.32653,7.61676,-6.39123,-1.32653,9.34334,-3.4007,1.32653,9.34334,-3.4007,-1.32653,4.97149,8.61087,-1.32653,7.61676,6.39122,-1.32653,9.34334,3.4007,-1.32653,9.34334,3.4007,-1.32653,9.94298,-1.83692e-07,-1.32653,9.34334,-3.4007,-1.32653,9.34334,-3.4007,-1.32653,7.61676,-6.39123,-1.32653,4.97148,-8.61087,-1.32653,9.34334,3.4007,-1.32653,9.34334,-3.4007,-1.32653,4.97148,-8.61087,-1.32653,4.97149,8.61087,-1.32653,9.34334,3.4007,-1.32653,4.97148,-8.61087,-1.32653,4.97148,-8.61087,-1.32653,1.72657,-9.79192,-1.32653,-1.72658,-9.79192,-1.32653,-1.72658,-9.79192,-1.32653,-4.97149,-8.61087,-1.32653,-7.61676,-6.39122,-1.32653,4.97148,-8.61087,-1.32653,-1.72658,-9.79192,-1.32653,-7.61676,-6.39122,-1.32653,4.97149,8.61087,-1.32653,4.97148,-8.61087,-1.32653,-7.61676,-6.39122,-1.32653,-7.61676,-6.39122,-1.32653,-9.34334,-3.4007,-1.32653,-9.94298,1.31766e-06,-1.32653,-9.94298,1.31766e-06,-1.32653,-9.34334,3.4007,-1.32653,-7.61676,6.39122,-1.32653,-7.61676,-6.39122,-1.32653,-9.94298,1.31766e-06,-1.32653,-7.61676,6.39122,-1.32653,4.97149,8.61087,-1.32653,-7.61676,-6.39122,-1.32653,-7.61676,6.39122,-1.32653,-7.61676,6.39122,-1.32653,-4.97149,8.61087,-1.32653,-1.72658,9.79192,-1.32653,4.97149,8.61087,-1.32653,-7.61676,6.39122,-1.32653,-1.72658,9.79192,-1.32653,4.97149,8.61087,-1.32653,-1.72658,9.79192,-1.32653,1.72658,9.79192,-1.32653,7.61676,-6.39123,1.32653,9.34334,-3.4007,1.32653,9.94298,-6.15931e-07,1.32653,9.94298,-6.15931e-07,1.32653,9.34334,3.4007,1.32653,7.61676,6.39122,1.32653,7.61676,6.39122,1.32653,4.97149,8.61087,1.32653,1.72658,9.79192,1.32653,9.94298,-6.15931e-07,1.32653,7.61676,6.39122,1.32653,1.72658,9.79192,1.32653,7.61676,-6.39123,1.32653,9.94298,-6.15931e-07,1.32653,1.72658,9.79192,1.32653,1.72658,9.79192,1.32653,-1.72658,9.79192,1.32653,-4.97149,8.61087,1.32653,-4.97149,8.61087,1.32653,-7.61676,6.39122,1.32653,-9.34334,3.4007,1.32653,1.72658,9.79192,1.32653,-4.97149,8.61087,1.32653,-9.34334,3.4007,1.32653,7.61676,-6.39123,1.32653,1.72658,9.79192,1.32653,-9.34334,3.4007,1.32653,-9.34334,3.4007,1.32653,-9.94298,8.85417e-07,1.32653,-9.34334,-3.4007,1.32653,-9.34334,-3.4007,1.32653,-7.61676,-6.39122,1.32653,-4.97149,-8.61087,1.32653,-9.34334,3.4007,1.32653,-9.34334,-3.4007,1.32653,-4.97149,-8.61087,1.32653,7.61676,-6.39123,1.32653,-9.34334,3.4007,1.32653,-4.97149,-8.61087,1.32653,-4.97149,-8.61087,1.32653,-1.72658,-9.79192,1.32653,1.72657,-9.79192,1.32653,7.61676,-6.39123,1.32653,-4.97149,-8.61087,1.32653,1.72657,-9.79192,1.32653,7.61676,-6.39123,1.32653,1.72657,-9.79192,1.32653,4.97148,-8.61087,1.32653]},"normal":{"type":"float32","components":3,"data":[0.939693,0.34202,6.08535e-08,1,-2.26369e-07,-6.18138e-10,1,-2.31185e-07,6.18061e-10,0.939693,0.34202,6.14716e-08,0.766044,0.642788,1.15529e-07,0.766044,0.642788,8.63754e-08,0.5,0.866025,2.91535e-08,0.5,0.866025,5.30288e-17,0.173648,0.984808,6.03021e-17,0.173648,0.984808,6.03021e-17,-0.173648,0.984808,6.03021e-17,0.173648,0.984808,6.03021e-17,0.173648,0.984808,6.03021e-17,-0.173648,0.984808,6.03021e-17,-0.5,0.866025,5.30288e-17,-0.5,0.866025,2.91535e-08,-0.766044,0.642788,8.63754e-08,-0.766044,0.642788,1.25043e-07,-0.939693,0.34202,8.26932e-08,-0.939693,0.34202,8.82851e-08,-1,9.63272e-09,3.92238e-09,-1,1.68573e-08,-6.18099e-10,-0.939693,-0.34202,-6.08535e-08,-0.939693,-0.34202,-8.05002e-08,-0.766045,-0.642787,-2.12029e-07,-0.766045,-0.642787,-2.31058e-07,-0.5,-0.866025,-3.11303e-07,-0.5,-0.866025,-2.39779e-07,-0.173649,-0.984808,-7.1524e-08,-0.173649,-0.984808,-6.03021e-17,0.173648,-0.984808,-6.03021e-17,-0.173649,-0.984808,-7.1524e-08,-0.173649,-0.984808,-6.03021e-17,0.173648,-0.984808,-7.1524e-08,0.5,-0.866026,-2.39779e-07,0.5,-0.866026,-2.8215e-07,0.766044,-0.642788,-1.44682e-07,0.766044,-0.642788,-1.15529e-07,0.939692,-0.342021,-6.14717e-08,0.939692,-0.342021,-6.08536e-08,-2.71782e-09,1.5788e-07,-1,-2.71782e-09,1.5788e-07,-1,-2.71782e-09,1.5788e-07,-1,-9.94022e-08,1.57745e-07,-1,-9.94022e-08,1.57745e-07,-1,-9.94022e-08,1.57745e-07,-1,9.01301e-08,1.07413e-07,-1,9.01301e-08,1.07413e-07,-1,9.01301e-08,1.07413e-07,-1,3.01472e-08,1.57744e-07,-1,3.01472e-08,1.57744e-07,-1,3.01472e-08,1.57744e-07,-1,7.11215e-09,1.66129e-07,-1,7.11215e-09,1.66129e-07,-1,7.11215e-09,1.66129e-07,-1,5.57514e-14,1.00935e-07,-1,5.57513e-14,1.00935e-07,-1,5.57514e-14,1.00935e-07,-1,7.32077e-08,3.02071e-07,-1,7.32077e-08,3.02071e-07,-1,7.32077e-08,3.02071e-07,-1,-1.00409e-08,1.5788e-07,-1,-1.00409e-08,1.5788e-07,-1,-1.00409e-08,1.5788e-07,-1,-8.58654e-09,1.66129e-07,-1,-8.58654e-09,1.66129e-07,-1,-8.58654e-09,1.66129e-07,-1,-4.79572e-08,1.31761e-07,-1,-4.79572e-08,1.31761e-07,-1,-4.79572e-08,1.31761e-07,-1,-3.94552e-08,1.82229e-07,-1,-3.94552e-08,1.82229e-07,-1,-3.94552e-08,1.82229e-07,-1,2.5623e-08,1.58542e-07,-1,2.5623e-08,1.58542e-07,-1,2.5623e-08,1.58542e-07,-1,4.54384e-10,1.58542e-07,-1,4.54384e-10,1.58542e-07,-1,4.54384e-10,1.58542e-07,-1,-3.86856e-08,2.07223e-07,-1,-3.86856e-08,2.07223e-07,-1,-3.86856e-08,2.07223e-07,-1,5.30604e-09,1.31027e-07,-1,5.30604e-09,1.31027e-07,-1,5.30604e-09,1.31027e-07,-1,-2.78756e-14,1.00935e-07,-1,-2.78756e-14,1.00935e-07,-1,-2.78756e-14,1.00935e-07,-1,-1.4736e-07,-1.14234e-07,1,-1.4736e-07,-1.14234e-07,1,-1.4736e-07,-1.14234e-07,1,5.99464e-08,-1.64702e-07,1,5.99464e-08,-1.64702e-07,1,5.99464e-08,-1.64702e-07,1,1.25596e-07,4.22664e-08,1,1.25596e-07,4.22664e-08,1,1.25596e-07,4.22664e-08,1,-8.22216e-09,-1.89513e-07,1,-8.22216e-09,-1.89513e-07,1,-8.22216e-09,-1.89513e-07,1,1.22566e-08,-1.72329e-07,1,1.22566e-08,-1.72329e-07,1,1.22566e-08,-1.72329e-07,1,8.36271e-14,-3.02805e-07,1,8.36271e-14,-3.02805e-07,1,8.36271e-14,-3.02805e-07,1,1.49574e-07,-2.85669e-07,1,1.49574e-07,-2.85669e-07,1,1.49574e-07,-2.85669e-07,1,-2.95196e-08,-1.35391e-07,1,-2.95196e-08,-1.35391e-07,1,-2.95196e-08,-1.35391e-07,1,-4.64216e-09,-1.7848e-07,1,-4.64216e-09,-1.7848e-07,1,-4.64216e-09,-1.7848e-07,1,-9.94016e-08,-1.57745e-07,1,-9.94016e-08,-1.57745e-07,1,-9.94016e-08,-1.57745e-07,1,-1.49574e-07,-2.85669e-07,1,-1.49574e-07,-2.85669e-07,1,-1.49574e-07,-2.85669e-07,1,2.87938e-09,-1.57745e-07,1,2.87938e-09,-1.57745e-07,1,2.87938e-09,-1.57745e-07,1,8.51321e-09,-1.55694e-07,1,8.51321e-09,-1.55694e-07,1,8.51321e-09,-1.55694e-07,1,-1.67254e-13,-3.02805e-07,1,-1.67254e-13,-3.02805e-07,1,-1.67254e-13,-3.02805e-07,1,1.72264e-08,-2.05109e-07,1,1.72264e-08,-2.05109e-07,1,1.72264e-08,-2.05109e-07,1,-1.25596e-07,4.22665e-08,1,-1.25596e-07,4.22665e-08,1,-1.25596e-07,4.22665e-08,1]},"texCoord0":{"type":"float32","components":2,