{"model":{"version":2,"nodes":[{"name":"RootNode","position":[0,0,0],"rotation":[0,0,0],"scale":[1,1,1]},{"name":"Text001","position":[0,0,0],"rotation":[-90,-0,0],"scale":[1,1,1]}],"parents":[-1,0],"skins":[],"vertices":[{"position":{"type":"float32","components":3,"data":[-174.95,0,0,-174.95,21.4,0,-174.95,21.4,5,-174.95,0,5,-174.95,21.4,0,-203.522,21.4,0,-203.522,21.4,5,-174.95,21.4,5,-203.522,21.4,0,-203.522,28.5,0,-203.522,28.5,5,-203.522,21.4,5,-203.522,28.5,0,-174.95,28.5,0,-174.95,28.5,5,-203.522,28.5,5,-174.95,28.5,0,-174.95,50,0,-174.95,50,5,-174.95,28.5,5,-174.95,50,0,-203.522,50,0,-203.522,50,5,-174.95,50,5,-203.522,50,0,-203.522,57.1,0,-203.522,57.1,5,-203.522,50,5,-203.522,57.1,0,-174.95,57.1,0,-174.95,57.1,5,-203.522,57.1,5,-174.95,57.1,0,-174.95,78.6,0,-174.95,78.6,5,-174.95,57.1,5,-174.95,78.6,0,-224.95,78.6,0,-224.95,78.6,5,-174.95,78.6,5,-224.95,78.6,0,-224.95,0,0,-224.95,0,5,-224.95,78.6,5,-224.95,0,0,-174.95,0,0,-174.95,0,5,-224.95,0,5,-132.136,0,0,-132.136,21.4281,0,-132.136,21.4281,5,-132.136,0,5,-132.136,21.4281,0,-146.422,21.4281,0,-146.422,21.4281,5,-132.136,21.4281,5,-146.422,21.4281,0,-146.422,78.6,0,-146.422,78.6,5,-146.422,21.4281,5,-146.422,78.6,0,-167.85,78.6,0,-167.85,78.6,5,-146.422,78.6,5,-167.85,78.6,0,-167.85,0,0,-167.85,0,5,-167.85,78.6,5,-167.85,0,0,-132.136,0,0,-132.136,0,5,-167.85,0,5,-89.236,0,0,-89.236,21.4281,0,-89.236,21.4281,5,-89.236,0,5,-89.236,21.4281,0,-103.522,21.4281,0,-103.522,21.4281,5,-89.236,21.4281,5,-103.522,21.4281,0,-103.522,78.6,0,-103.522,78.6,5,-103.522,21.4281,5,-103.522,78.6,0,-124.95,78.6,0,-124.95,78.6,5,-103.522,78.6,5,-124.95,78.6,0,-124.95,0,0,-124.95,0,5,-124.95,78.6,5,-124.95,0,0,-89.236,0,0,-89.236,0,5,-124.95,0,5,-82.05,78.6,0,-82.05,0,0,-82.05,0,5,-82.05,78.6,5,-82.05,0,0,-32.05,0,0,-32.05,0,5,-82.05,0,5,-32.05,0,0,-32.05,78.6,0,-32.05,78.6,5,-32.05,0,5,-32.05,78.6,0,-82.05,78.6,0,-82.05,78.6,5,-32.05,78.6,5,-53.45,21.4281,0,-60.55,21.4281,0,-60.55,21.4281,5,-53.45,21.4281,5,-60.55,21.4281,0,-60.55,57.1422,0,-60.55,57.1422,5,-60.55,21.4281,5,-60.55,57.1422,0,-53.45,57.1422,0,-53.45,57.1422,5,-60.55,57.1422,5,-53.45,57.1422,0,-53.45,21.4281,0,-53.45,21.4281,5,-53.45,57.1422,5,-24.95,78.6,0,-24.95,0,0,-24.95,0,5,-24.95,78.6,5,-24.95,0,0,25.05,0,0,25.05,0,5,-24.95,0,5,25.05,0,0,25.05,50,0,25.05,50,5,25.05,0,5,25.05,50,0,3.64996,50,0,3.64996,50,5,25.05,50,5,3.64996,50,0,3.64996,21.4281,0,3.64996,21.4281,5,3.64996,50,5,3.64996,21.4281,0,-3.45003,21.4281,0,-3.45003,21.4281,5,3.64996,21.4281,5,-3.45003,21.4281,0,-3.45003,57.1,0,-3.45003,57.1,5,-3.45003,21.4281,5,-3.45003,57.1,0,25.05,57.1,0,25.05,57.1,5,-3.45003,57.1,5,25.05,57.1,0,25.05,78.6,0,25.05,78.6,5,25.05,57.1,5,25.05,78.6,0,-24.95,78.6,0,-24.95,78.6,5,25.05,78.6,5,32.15,78.6,0,32.15,0,0,32.15,0,5,32.15,78.6,5,32.15,0,0,53.65,0,0,53.65,0,5,32.15,0,5,53.65,0,0,53.65,28.5719,0,53.65,28.5719,5,53.65,0,5,53.65,28.5719,0,60.75,28.5719,0,60.75,28.5719,5,53.65,28.5719,5,60.75,28.5719,0,60.75,0,0,60.75,0,5,60.75,28.5719,5,60.75,0,0,82.15,0,0,82.15,0,5,60.75,0,5,82.15,0,0,82.15,78.6,0,82.15,78.6,5,82.15,0,5,82.15,78.6,0,32.15,78.6,0,32.15,78.6,5,82.15,78.6,5,60.75,50,0,53.65,50,0,53.65,50,5,60.75,50,5,53.65,50,0,53.65,57.1,0,53.65,57.1,5,53.65,50,5,53.65,57.1,0,60.75,57.1,0,60.75,57.1,5,53.65,57.1,5,60.75,57.1,0,60.75,50,0,60.75,50,5,60.75,57.1,5,89.25,78.6,0,89.25,0,0,89.25,0,5,89.25,78.6,5,89.25,0,0,110.65,0,0,110.65,0,5,89.25,0,5,110.65,0,0,110.65,57.1422,0,110.65,57.1422,5,110.65,0,5,110.65,57.1422,0,117.75,57.1422,0,117.75,57.1422,5,110.65,57.1422,5,117.75,57.1422,0,117.75,0,0,117.75,0,5,117.75,57.1422,5,117.75,0,0,139.25,0,0,139.25,0,5,117.75,0,5,139.25,0,0,139.25,57.1422,0,139.25,57.1422,5,139.25,0,5,139.25,57.1422,0,146.35,57.1422,0,146.35,57.1422,5,139.25,57.1422,5,146.35,57.1422,0,146.35,0,0,146.35,0,5,146.35,57.1422,5,146.35,0,0,167.822,0,0,167.822,0,5,146.35,0,5,167.822,0,0,167.822,78.6,0,167.822,78.6,5,167.822,0,5,167.822,78.6,0,89.25,78.6,0,89.25,78.6,5,167.822,78.6,5,224.95,0,0,224.95,21.4,0,224.95,21.4,5,224.95,0,5,224.95,21.4,0,196.378,21.4,0,196.378,21.4,5,224.95,21.4,5,196.378,21.4,0,196.378,28.5,0,196.378,28.5,5,196.378,21.4,5,196.378,28.5,0,224.95,28.5,0,224.95,28.5,5,196.378,28.5,5,224.95,28.5,0,224.95,50,0,224.95,50,5,224.95,28.5,5,224.95,50,0,196.378,50,0,196.378,50,5,224.95,50,5,196.378,50,0,196.378,57.1,0,196.378,57.1,5,196.378,50,5,196.378,57.1,0,224.95,57.1,0,224.95,57.1,5,196.378,57.1,5,224.95,57.1,0,224.95,78.6,0,224.95,78.6,5,224.95,57.1,5,224.95,78.6,0,174.95,78.6,0,174.95,78.6,5,224.95,78.6,5,174.95,78.6,0,174.95,0,0,174.95,0,5,174.95,78.6,5,174.95,0,0,224.95,0,0,224.95,0,5,174.95,0,5,-174.95,57.1,0,-224.95,78.6,0,-174.95,78.6,0,-203.522,57.1,0,-224.95,0,0,-203.522,50,0,-174.95,28.5,0,-174.95,50,0,-203.522,28.5,0,-203.522,21.4,0,-174.95,0,0,-174.95,21.4,0,-146.422,78.6,0,-167.85,0,0,-167.85,78.6,0,-146.422,21.4281,0,-132.136,0,0,-132.136,21.4281,0,-103.522,78.6,0,-124.95,0,0,-124.95,78.6,0,-103.522,21.4281,0,-89.236,0,0,-89.236,21.4281,0,-60.55,21.4281,0,-82.05,0,0,-82.05,78.6,0,-60.55,57.1422,0,-32.05,0,0,-53.45,21.4281,0,-32.05,78.6,0,-53.45,57.1422,0,25.05,57.1,0,-24.95,78.6,0,25.05,78.6,0,-3.45003,57.1,0,-24.95,0,0,-3.45003,21.4281,0,25.05,0,0,3.64996,21.4281,0,25.05,50,0,3.64996,50,0,53.65,50,0,32.15,0,0,32.15,78.6,0,53.65,57.1,0,82.15,78.6,0,60.75,57.1,0,82.15,0,0,60.75,50,0,60.75,28.5719,0,60.75,0,0,53.65,28.5719,0,53.65,0,0,146.35,0,0,167.822,78.6,0,167.822,0,0,146.35,57.1422,0,89.25,78.6,0,139.25,57.1422,0,117.75,0,0,139.25,0,0,117.75,57.1422,0,110.65,57.1422,0,89.25,0,0,110.65,0,0,224.95,57.1,0,174.95,78.6,0,224.95,78.6,0,196.378,57.1,0,174.95,0,0,196.378,50,0,224.95,28.5,0,224.95,50,0,196.378,28.5,0,196.378,21.4,0,224.95,0,0,224.95,21.4,0,-174.95,57.1,5,-174.95,78.6,5,-224.95,78.6,5,-203.522,57.1,5,-224.95,0,5,-203.522,50,5,-174.95,28.5,5,-174.95,50,5,-203.522,28.5,5,-203.522,21.4,5,-174.95,0,5,-174.95,21.4,5,-146.422,78.6,5,-167.85,78.6,5,-167.85,0,5,-146.422,21.4281,5,-132.136,0,5,-132.136,21.4281,5,-103.522,78.6,5,-124.95,78.6,5,-124.95,0,5,-103.522,21.4281,5,-89.236,0,5,-89.236,21.4281,5,-60.55,21.4281,5,-82.05,78.6,5,-82.05,0,5,-60.55,57.1422,5,-32.05,0,5,-53.45,21.4281,5,-32.05,78.6,5,-53.45,57.1422,5,25.05,57.1,5,25.05,78.6,5,-24.95,78.6,5,-3.45003,57.1,5,-24.95,0,5,-3.45003,21.4281,5,25.05,0,5,3.64996,21.4281,5,25.05,50,5,3.64996,50,5,53.65,50,5,32.15,78.6,5,32.15,0,5,53.65,57.1,5,82.15,78.6,5,60.75,57.1,5,82.15,0,5,60.75,50,5,60.75,28.5719,5,60.75,0,5,53.65,28.5719,5,53.65,0,5,146.35,0,5,167.822,0,5,167.822,78.6,5,146.35,57.1422,5,89.25,78.6,5,139.25,57.1422,5,117.75,0,5,139.25,0,5,117.75,57.1422,5,110.65,57.1422,5,89.25,0,5,110.65,0,5,224.95,57.1,5,224.95,78.6,5,174.95,78.6,5,196.378,57.1,5,174.95,0,5,196.378,50,5,224.95,28.5,5,224.95,50,5,196.378,28.5,5,196.378,21.4,5,224.95,0,5,224.95,21.4,5]},"normal":{"type":"float32","components":3,