{"model":{"version":2,"nodes":[{"name":"RootNode","position":[0,0,0],"rotation":[0,0,0],"scale":[1,1,1]},{"name":"Props_Buoy_02","position":[0,0,0],"rotation":[0,0,0],"scale":[0.01,0.01,0.01]}],"parents":[-1,0],"skins":[],"vertices":[{"position":{"type":"float32","components":3,"data":[0.605379,3.89354,0.61232,-0.60538,3.89354,0.61232,-0.60538,3.62364,0.61232,0.605379,3.62364,0.61232,0.605379,3.89354,0.61232,0.605379,3.89354,-0.608368,-0.60538,3.89354,0.61232,-0.60538,3.89354,-0.608368,0.605379,3.62364,-0.608368,-0.60538,3.62364,-0.608368,-0.60538,3.89354,-0.608368,0.605379,3.89354,-0.608368,0.605379,3.62364,0.61232,-0.60538,3.62364,0.61232,-0.60538,3.62364,-0.608368,0.605379,3.62364,-0.608368,0.605379,3.89354,-0.608368,0.605379,3.89354,0.61232,0.605379,3.62364,0.61232,0.605379,3.62364,-0.608368,-0.60538,3.89354,0.61232,-0.60538,3.62364,-0.608368,-0.60538,3.62364,0.61232,-0.60538,3.89354,-0.608368,-0.0820646,4.82445,0.0847015,-0.0820646,4.26872,0.0847015,0.0820627,4.82445,0.0847015,0.0820627,4.26872,0.0847015,0.121165,5.49478,0.12413,0.121165,5.49478,-0.120193,-0.121165,5.49478,0.12413,-0.121165,5.49478,-0.120193,-0.0820646,4.26872,-0.08078,-0.0820646,4.82445,-0.08078,0.0820627,4.26872,-0.08078,0.0820627,4.82445,-0.08078,0.0820627,4.26872,0.0847015,-0.0820646,4.26872,0.0847015,-0.0820646,4.26872,-0.08078,0.0820627,4.26872,-0.08078,0.0820627,4.26872,-0.08078,0.0820627,4.82445,-0.08078,0.0820627,4.26872,0.0847015,0.0820627,4.82445,0.0847015,-0.0820646,4.82445,0.0847015,-0.0820646,4.26872,-0.08078,-0.0820646,4.26872,0.0847015,-0.0820646,4.82445,-0.08078,-0.252241,4.82445,0.256317,0.0820627,4.82445,0.0847015,0.25224,4.82445,0.256317,-0.0820646,4.82445,0.0847015,0.25224,4.82445,-0.252335,0.25224,4.82445,0.256317,0.0820627,4.82445,-0.08078,0.0820627,4.82445,-0.08078,-0.0820646,4.82445,-0.08078,-0.252241,4.82445,-0.252335,0.25224,4.82445,-0.252335,-0.252241,4.82445,-0.252335,-0.0820646,4.82445,-0.08078,-0.252241,4.82445,0.256317,0.25224,5.07061,0.256317,-0.252241,5.07061,0.256317,-0.252241,4.82445,0.256317,0.25224,4.82445,0.256317,0.25224,5.07061,-0.252335,0.25224,5.07061,0.256317,0.25224,4.82445,0.256317,0.25224,4.82445,-0.252335,0.25224,4.82445,-0.252335,-0.252241,4.82445,-0.252335,-0.252241,5.07061,-0.252335,0.25224,5.07061,-0.252335,-0.252241,5.07061,0.256317,-0.252241,4.82445,-0.252335,-0.252241,4.82445,0.256317,-0.252241,5.07061,-0.252335,0.25224,5.07061,0.256317,-0.121165,5.49478,0.12413,-0.252241,5.07061,0.256317,0.121165,5.49478,0.12413,0.121165,5.49478,0.12413,0.25224,5.07061,-0.252335,0.121165,5.49478,-0.120193,0.25224,5.07061,0.256317,-0.121165,5.49478,-0.120193,0.25224,5.07061,-0.252335,-0.252241,5.07061,-0.252335,0.121165,5.49478,-0.120193,-0.121165,5.49478,0.12413,-0.252241,5.07061,-0.252335,-0.252241,5.07061,0.256317,-0.121165,5.49478,-0.120193,0.765633,2.80789,0.77388,-0.765635,2.80789,0.77388,-0.765635,2.59367,0.77388,0.765633,2.59367,0.77388,0.765633,2.80789,0.77388,0.765633,2.80789,-0.769928,-0.765635,2.80789,0.77388,-0.765635,2.80789,-0.769928,0.765633,2.59367,-0.769928,-0.765635,2.59367,-0.769928,-0.765635,2.80789,-0.769928,0.765633,2.80789,-0.769928,0.765633,2.59367,0.77388,-0.765635,2.59367,0.77388,-0.765635,2.59367,-0.769928,0.765633,2.59367,-0.769928,0.765633,2.80789,-0.769928,0.765633,2.80789,0.77388,0.765633,2.59367,0.77388,0.765633,2.59367,-0.769928,-0.765635,2.80789,0.77388,-0.765635,2.59367,-0.769928,-0.765635,2.59367,0.77388,-0.765635,2.80789,-0.769928,-0.315111,4.26872,0.319656,-0.315111,1.18942,0.319656,0.31511,4.26872,0.319656,0.31511,1.18942,0.319656,0.31511,4.26872,0.319656,0.31511,4.26872,-0.315735,-0.315111,4.26872,0.319656,-0.315111,4.26872,-0.315735,-0.315111,1.18942,-0.315735,-0.315111,4.26872,-0.315735,0.31511,1.18942,-0.315735,0.31511,4.26872,-0.315735,0.31511,1.18942,0.319656,-0.315111,1.18942,0.319656,-0.315111,1.18942,-0.315735,0.31511,1.18942,-0.315735,0.31511,1.18942,-0.315735,0.31511,4.26872,-0.315735,0.31511,1.18942,0.319656,0.31511,4.26872,0.319656,-0.315111,4.26872,0.319656,-0.315111,1.18942,-0.315735,-0.315111,1.18942,0.319656,-0.315111,4.26872,-0.315735,-0.657591,0,-1.14096,-0.657591,0.971773,-1.14096,0.65759,0,-1.14096,0.65759,0.971773,-1.14096,-1.31518,0.971773,-0.00196838,-0.657591,0,-1.14096,-1.31518,0,-0.00196838,-0.657591,0.971773,-1.14096,-0.657592,0.971773,1.13701,-1.31518,0,-0.00196838,-0.657592,0,1.13701,-1.31518,0.971773,-0.00196838,0.657588,0.971773,1.13701,-0.657592,0.971773,1.13701,-0.657592,0,1.13701,0.657588,0,1.13701,0.657588,0.971773,1.13701,0.657588,0,1.13701,1.31518,0.971773,-0.00196838,1.31518,0,-0.00196838,1.31518,0.971773,-0.00196838,1.31518,0,-0.00196838,0.65759,0.971773,-1.14096,0.65759,0,-1.14096,-0.657591,0,-1.14096,0.65759,0,-1.14096,-9.53674e-07,0,-0.00196838,-1.31518,0,-0.00196838,-0.657592,0,1.13701,0.657588,0,1.13701,1.31518,0,-0.00196838,0.65759,1.21877,-1.13701,-0.657591,1.21877,-1.13701,-9.53674e-07,1.21877,0.00196838,-1.31518,1.21877,0.00196838,-0.657592,1.21877,1.13701,0.657588,1.21877,1.14096,1.31518,1.21877,0.00196838,0.65759,1.21877,-1.13701,1.31518,1.21877,0.00196838,1.31518,0.971773,-0.00196838,0.65759,0.971773,-1.14096,1.31518,1.21877,0.00196838,0.657588,1.21877,1.14096,0.657588,0.971773,1.13701,1.31518,0.971773,-0.00196838,0.657588,1.21877,1.14096,-0.657592,1.21877,1.13701,-0.657592,0.971773,1.13701,0.657588,0.971773,1.13701,-0.657592,0.971773,1.13701,-1.31518,1.21877,0.00196838,-1.31518,0.971773,-0.00196838,-0.657592,1.21877,1.13701,-1.31518,0.971773,-0.00196838,-0.657591,1.21877,-1.13701,-0.657591,0.971773,-1.14096,-1.31518,1.21877,0.00196838,-0.657591,1.21877,-1.13701,0.65759,0.971773,-1.14096,-0.657591,0.971773,-1.14096,0.65759,1.21877,-1.13701]},"normal":{"type":"float32","components":3,